N.º de venda,Data da venda,Status,Descrição do status,Pacote de diversos produtos,Unidades,Receita por produtos (BRL),Receita por envio (BRL),Tarifa de venda e impostos,Tarifas de envio,Cancelamentos e reembolsos (BRL),Total (BRL),Venda por publicidade,SKU,# de anúncio,Título do anúncio,Variação,Preço unitário de venda do anúncio (BRL),Tipo de anúncio,ID_Cliente,Cidade,Estado,CEP,País,Forma de entrega,Data a caminho completa,Data de entrega completa,Reclamação aberta,Reclamação encerrada,Em mediação
2000004826452531,2023-09-13 14:14:00,Entregue,Chegou em 19 de setembro,Sim,1.0,37.71,44.5,-10.53,-44.5,0.0,27.18,Não,PEANUT-CHOCOTINE-600G,MLB3442253069,Suplemento Dr Peanut Pasta De Amendoim Sabor Chocotine Em Pote De 600g,Sabor : Sem Sabor,37.71,Clássico,W6AXI1,Corumbá de Goiás,Goiás,72960000,Brasil,Correios,2023-09-14 11:30:00,2023-09-19 14:42:00,Não,0.0,Não
2000004647326631,2023-07-19 17:38:00,Entregue,Chegou em 25 de julho,Sim,1.0,149.9,9.06,-17.99,-31.51,0.0,109.46,Não,BVG-CHOCOLATE-1KG,MLB3335309815,Proteína Vegana Blend Vegan Growth 1kg,Sabor : Chocolate,149.9,Clássico,RGYDWV,Florianópolis,Santa Catarina,88037001,Brasil,Correios,2023-07-20 11:26:00,2023-07-25 13:42:00,Não,0.0,Não
2000006002135954,2023-07-11 09:00:00,Entregue,Chegou em 18 de julho,Não,1.0,119.63,0.0,-14.36,-19.45,0.0,85.82,Sim,CREAMONO-GROWTH-250G,MLB3178606303,Creatina Growth Monohidratada Pote 250g,Sabor : Sem Sabor,119.63,Clássico,LL14DW,Patrocínio,Minas Gerais,38740174,Brasil,Correios,2023-07-11 12:44:00,2023-07-18 16:19:00,Não,0.0,Não
2000004614655321,2023-07-09 19:07:00,Entregue,Chegou em 18 de julho,Sim,1.0,119.63,0.0,-14.36,-19.45,0.0,85.82,Sim,CREAMONO-GROWTH-250G,MLB3178606303,Creatina Growth Monohidratada Pote 250g,Sabor : Sem Sabor,119.63,Clássico,78G8LL,Três Lagoas,Mato Grosso do Sul,79645060,Brasil,Correios,2023-07-10 11:25:00,2023-07-18 09:00:00,Não,0.0,Não
2000004611154553,2023-07-08 11:01:00,Entregue,Chegou em 21 de julho,Sim,1.0,119.63,45.38,-14.36,-64.83,0.0,85.82,Sim,CREAMONO-GROWTH-250G,MLB3178606303,Creatina Growth Monohidratada Pote 250g,Sabor : Sem Sabor,119.63,Clássico,E8CDQC,Aracati,Ceará,62800000,Brasil,Correios,2023-07-10 11:25:00,2023-07-21 11:49:00,Não,0.0,Não
2000005994833814,2023-07-06 18:17:00,Entregue,Chegou em 10 de julho,Não,1.0,119.63,0.0,-14.36,-19.45,0.0,85.82,Sim,CREAMONO-GROWTH-250G,MLB3178606303,Creatina Growth Monohidratada Pote 250g,Sabor : Sem Sabor,119.63,Clássico,PPCU6R,Limeira,São Paulo,13484605,Brasil,Correios,2023-07-07 11:42:00,2023-07-10 17:23:00,Não,0.0,Não
2000005975059874,2023-07-04 09:19:00,Cancelada pelo comprador,Cancelou porque se arrependeu da compra.,Não,1.0,119.63,0.0,-14.36,-19.45,-85.82,0.0,Sim,CREAMONO-GROWTH-250G,MLB3178606303,Creatina Growth Monohidratada Pote 250g,Sabor : Sem Sabor,119.63,Clássico,7SSL1X,Itaiópolis,Santa Catarina,89340000,Brasil,Correios,2023-07-04 09:19:00,2023-07-04 09:19:00,Não,0.0,Não
2000005969341642,2023-07-03 14:22:00,Entregue,Chegou em 7 de julho,Não,1.0,119.63,0.0,-14.36,-19.45,0.0,85.82,Sim,CREAMONO-GROWTH-250G,MLB3178606303,Creatina Growth Monohidratada Pote 250g,Sabor : Sem Sabor,119.63,Clássico,9ZYK9T,Bauru,São Paulo,17053020,Brasil,Correios,2023-07-04 12:48:00,2023-07-07 14:48:00,Não,0.0,Não
2000005962933212,2023-07-02 14:57:00,Entregue,Chegou em 10 de julho,Não,1.0,119.63,0.0,-14.36,-18.45,0.0,86.82,Sim,CREAMONO-GROWTH-250G,MLB3178606303,Creatina Growth Monohidratada Pote 250g,Sabor : Sem Sabor,119.63,Clássico,89E1LC,Caraguatatuba,São Paulo,11662310,Brasil,Correios,2023-07-03 11:31:00,2023-07-10 10:02:00,Não,0.0,Não
2000004591765469,2023-07-02 13:49:00,Cancelada pelo comprador,Cancelou porque se arrependeu da compra.,Sim,1.0,119.63,0.0,-14.36,-18.45,-86.82,0.0,Sim,CREAMONO-GROWTH-250G,MLB3178606303,Creatina Growth Monohidratada Pote 250g,Sabor : Sem Sabor,119.63,Clássico,0JPVAS,Barra Mansa,Rio de Janeiro,27320410,Brasil,Correios,2023-07-02 13:49:00,2023-07-02 13:49:00,Não,0.0,Não
2000005959163502,2023-07-01 18:06:00,Entregue,Chegou em 14 de julho,Não,1.0,119.63,0.0,-14.36,-18.45,0.0,86.82,Sim,CREAMONO-GROWTH-250G,MLB3178606303,Creatina Growth Monohidratada Pote 250g,Sabor : Sem Sabor,119.63,Clássico,5931XE,Viana,Espírito Santo,29130211,Brasil,Correios,2023-07-03 11:31:00,2023-07-14 14:43:00,Não,0.0,Não
2000004589448563,2023-07-01 12:27:00,Entregue,Chegou em 6 de julho,Sim,1.0,119.63,0.0,-14.36,-18.45,0.0,86.82,Não,CREAMONO-GROWTH-250G,MLB3178606303,Creatina Growth Monohidratada Pote 250g,Sabor : Sem Sabor,119.63,Clássico,K16MDL,Colombo,Paraná,83401030,Brasil,Correios,2023-07-03 11:31:00,2023-07-06 11:13:00,Não,0.0,Não
2000005948848164,2023-06-29 21:25:00,Entregue,Chegou em 10 de julho,Não,1.0,119.63,0.0,-14.36,-18.45,0.0,86.82,Sim,CREAMONO-GROWTH-250G,MLB3178606303,Creatina Growth Monohidratada Pote 250g,Sabor : Sem Sabor,119.63,Clássico,FQZ79M,Brasília,Distrito Federal,71680365,Brasil,Correios,2023-06-30 11:32:00,2023-07-10 15:38:00,Não,0.0,Não
2000005929454268,2023-06-27 01:10:00,Entregue,Chegou em 10 de julho,Não,1.0,119.63,0.0,-14.36,-18.45,0.0,86.82,Não,CREAMONO-GROWTH-250G,MLB3178606303,Creatina Growth Monohidratada Pote 250g,Sabor : Sem Sabor,119.63,Clássico,CVR5SI,Araguari,Minas Gerais,38441551,Brasil,Correios,2023-06-27 11:34:00,2023-07-10 15:11:00,Não,0.0,Não
2000005928251416,2023-06-26 21:28:00,Entregue,Chegou em 12 de julho,Não,1.0,119.63,0.0,-14.36,-18.45,0.0,86.82,Sim,CREAMONO-GROWTH-250G,MLB3178606303,Creatina Growth Monohidratada Pote 250g,Sabor : Sem Sabor,119.63,Clássico,J0RQKH,Ouro Branco,Minas Gerais,36492201,Brasil,Correios,2023-06-27 11:34:00,2023-07-12 14:22:00,Não,0.0,Não
2000005925918080,2023-06-26 15:57:00,Entregue,Chegou em 5 de julho,Não,1.0,119.63,0.0,-14.36,-18.45,0.0,86.82,Sim,CREAMONO-GROWTH-250G,MLB3178606303,Creatina Growth Monohidratada Pote 250g,Sabor : Sem Sabor,119.63,Clássico,3K5TXP,Itaipé,Minas Gerais,39815000,Brasil,Correios,2023-06-27 11:34:00,2023-07-05 16:40:00,Não,0.0,Não
2000005914704106,2023-06-24 12:21:00,Entregue,Chegou em 27 de junho,Não,1.0,119.63,3.0,-14.36,-21.45,0.0,86.82,Sim,CREAMONO-GROWTH-250G,MLB3178606303,Creatina Growth Monohidratada Pote 250g,Sabor : Sem Sabor,119.63,Clássico,O3ZE4L,Conchas,São Paulo,18570000,Brasil,Correios,2023-06-26 11:39:00,2023-06-27 17:00:00,Não,0.0,Não
2000005897348330,2023-06-21 14:51:00,Entregue,Chegou em 28 de junho,Não,1.0,119.63,0.0,-14.36,-18.45,0.0,86.82,Sim,CREAMONO-GROWTH-250G,MLB3178606303,Creatina Growth Monohidratada Pote 250g,Sabor : Sem Sabor,119.63,Clássico,EBB61A,Nova Iguaçu,Rio de Janeiro,26291401,Brasil,Correios,2023-06-22 17:01:00,2023-06-28 16:41:00,Não,0.0,Não
2000004556664195,2023-06-21 02:55:00,Entregue,Chegou em 29 de junho,Sim,1.0,119.63,0.0,-14.36,-18.45,0.0,86.82,Sim,CREAMONO-GROWTH-250G,MLB3178606303,Creatina Growth Monohidratada Pote 250g,Sabor : Sem Sabor,119.63,Clássico,AY61RN,Votorantim,São Paulo,18110652,Brasil,Correios,2023-06-21 11:34:00,2023-06-29 14:54:00,Não,0.0,Não
2000005893321050,2023-06-20 22:09:00,Entregue,Chegou em 27 de junho,Não,2.0,239.26,0.0,-28.72,-36.9,0.0,173.64,Sim,CREAMONO-GROWTH-250G,MLB3178606303,Creatina Growth Monohidratada Pote 250g,Sabor : Sem Sabor,119.63,Clássico,VT75MR,São Paulo,São Paulo,05527010,Brasil,Correios,2023-06-21 11:34:00,2023-06-27 14:24:00,Não,0.0,Não
2000004556734665,2023-06-19 22:05:00,Entregue,Chegou em 24 de junho,Sim,1.0,99.96,0.0,-12.0,-21.45,0.0,66.51,Não,MW-GROWTH-CHOCOLATE-1KG,MLB3716270934,Whey Protein Growth Medium Whey 1kg,Sabor : Chocolate,99.96,Clássico,6IEQGR,Mirassol,São Paulo,15138312,Brasil,Correios,2023-06-20 17:06:00,2023-06-24 11:04:00,Não,0.0,Não
2000004551428833,2023-06-17 20:48:00,Entregue,Chegou em 26 de junho,Sim,1.0,119.63,0.0,-14.36,-18.45,0.0,86.82,Sim,CREAMONO-GROWTH-250G,MLB3178606303,Creatina Growth Monohidratada Pote 250g,Sabor : Sem Sabor,119.63,Clássico,BKKM39,Rio de Janeiro,Rio de Janeiro,22430070,Brasil,Correios,2023-06-19 11:29:00,2023-06-26 13:38:00,Não,0.0,Não
2000005872385654,2023-06-17 16:01:00,Entregue,Chegou em 20 de junho,Não,1.0,119.63,0.0,-14.36,-18.45,0.0,86.82,Sim,CREAMONO-GROWTH-250G,MLB3178606303,Creatina Growth Monohidratada Pote 250g,Sabor : Sem Sabor,119.63,Clássico,4ITGJM,Americana,São Paulo,13474140,Brasil,Correios,2023-06-19 11:29:00,2023-06-20 13:18:00,Não,0.0,Não
2000004542988007,2023-06-14 22:02:00,Entregue,Chegou em 26 de junho,Sim,1.0,49.9,9.79,-11.49,-9.79,0.0,38.41,Sim,MGS-120CAPS,MLB3157882184,Multivitamínico A Z 120 Caps - Growth Original,Sabor : Sem Sabor,49.9,Clássico,D7DU8B,São Paulo,São Paulo,05791001,Brasil,Correios,2023-06-15 11:31:00,2023-06-26 11:14:00,Não,0.0,Não
2000005856204872,2023-06-14 21:33:00,Entregue,Chegou em 21 de junho,Não,1.0,49.9,17.5,-11.49,-17.5,0.0,38.41,Sim,MGS-120CAPS,MLB3157882184,Multivitamínico A Z 120 Caps - Growth Original,Sabor : Sem Sabor,49.9,Clássico,68I3A6,Águas Lindas de Goiás,Goiás,72914033,Brasil,Correios,2023-06-15 11:31:00,2023-06-21 13:57:00,Não,0.0,Não
2000005856183592,2023-06-14 21:33:00,Entregue,Chegou em 19 de junho,Não,1.0,49.9,40.5,-11.49,-40.5,0.0,38.41,Sim,MGS-120CAPS,MLB3157882184,Multivitamínico A Z 120 Caps - Growth Original,Sabor : Sem Sabor,49.9,Clássico,YB5GFN,Sarandi,Paraná,87114000,Brasil,Correios,2023-06-15 11:31:00,2023-06-19 09:27:00,Não,0.0,Não
2000005846697594,2023-06-13 17:48:00,Entregue,Chegou em 19 de junho,Não,2.0,99.8,10.82,0.0,-10.82,0.0,99.8,Não,MGS-120CAPS,MLB3157882184,Multivitamínico A Z 120 Caps - Growth Original,Sabor : Sem Sabor,49.9,Clássico,3X05BE,Patos de Minas,Minas Gerais,38703174,Brasil,Correios,2023-06-14 11:35:00,2023-06-19 11:35:00,Não,0.0,Não
2000005813572458,2023-06-08 13:41:00,Entregue,Chegou em 15 de junho,Não,1.0,119.63,0.0,-14.36,-18.45,0.0,86.82,Sim,CREAMONO-GROWTH-250G,MLB3178606303,Creatina Growth Monohidratada Pote 250g,Sabor : Sem Sabor,119.63,Clássico,UL01NS,Mandaguari,Paraná,86975000,Brasil,Correios,2023-06-09 11:36:00,2023-06-15 15:41:00,Não,0.0,Não
2000004522570587,2023-06-08 00:00:00,Entregue,Chegou em 15 de junho,Sim,1.0,119.63,0.0,-14.36,-18.45,0.0,86.82,Sim,CREAMONO-GROWTH-250G,MLB3178606303,Creatina Growth Monohidratada Pote 250g,Sabor : Sem Sabor,119.63,Clássico,MO59GJ,Embu Guaçu,São Paulo,06902100,Brasil,Correios,2023-06-09 11:36:00,2023-06-15 16:35:00,Não,0.0,Não
2000005804815392,2023-06-07 09:35:00,Entregue,Chegou em 13 de junho,Não,1.0,239.9,0.0,-28.79,-21.45,0.0,189.66,Sim,KIT-WCHOC-CREA-250G,MLB3179617242,Kit Whey Protein Concentrado Growth 1kg Creatina Growth 250g,Sabor : Chocolate,239.9,Clássico,4TXRBM,São Sebastião,São Paulo,11611103,Brasil,Correios,2023-06-07 12:52:00,2023-06-13 15:29:00,Não,0.0,Não
2000004519739699,2023-06-07 07:41:00,Entregue,Chegou em 17 de junho,Sim,1.0,119.63,0.0,-14.36,-18.45,0.0,86.82,Não,CREAMONO-GROWTH-250G,MLB3178606303,Creatina Growth Monohidratada Pote 250g,Sabor : Sem Sabor,119.63,Clássico,HQHZQI,Paracatu,Minas Gerais,38607066,Brasil,Correios,2023-06-07 12:52:00,2023-06-17 10:15:00,Não,0.0,Não
2000005799978026,2023-06-06 17:40:00,Entregue,Chegou em 14 de junho,Não,1.0,49.9,16.02,-11.49,-16.02,0.0,38.41,Não,MGS-120CAPS,MLB3157882184,Multivitamínico A Z 120 Caps - Growth Original,Sabor : Sem Sabor,49.9,Clássico,5CHJ5I,Santo Expedito,São Paulo,19190000,Brasil,Correios,2023-06-07 12:52:00,2023-06-14 13:34:00,Não,0.0,Não
2000004515625899,2023-06-06 08:50:00,Entregue,Chegou em 14 de junho,Sim,1.0,119.63,0.0,-14.36,-18.45,0.0,86.82,Sim,CREAMONO-GROWTH-250G,MLB3178606303,Creatina Growth Monohidratada Pote 250g,Sabor : Sem Sabor,119.63,Clássico,HEF4VS,Brumadinho,Minas Gerais,35460000,Brasil,Correios,2023-06-06 12:44:00,2023-06-14 11:42:00,Não,0.0,Não
2000005789812236,2023-06-05 14:20:00,Entregue,Chegou em 14 de junho,Não,1.0,119.63,0.0,-14.36,-18.45,0.0,86.82,Não,CREAMONO-GROWTH-250G,MLB3178606303,Creatina Growth Monohidratada Pote 250g,Sabor : Sem Sabor,119.63,Clássico,M8GISS,Belo Horizonte,Minas Gerais,30640070,Brasil,Correios,2023-06-06 12:44:00,2023-06-14 11:38:00,Não,0.0,Não
2000004509456031,2023-06-04 14:22:00,Entregue,Chegou em 12 de junho,Sim,1.0,49.9,22.0,-11.49,-22.0,0.0,38.41,Sim,MGS-120CAPS,MLB3157882184,Multivitamínico A Z 120 Caps - Growth Original,Sabor : Sem Sabor,49.9,Clássico,3ZCDVH,Xanxerê,Santa Catarina,89820000,Brasil,Correios,2023-06-05 11:39:00,2023-06-12 14:59:00,Não,0.0,Não
2000005776284574,2023-06-03 10:29:00,Cancelada pelo comprador,Cancelou porque se arrependeu da compra.,Não,1.0,239.9,0.0,-28.79,-21.45,-189.66,0.0,Sim,KIT-WCHOC-CREA-250G,MLB3179617242,Kit Whey Protein Concentrado Growth 1kg Creatina Growth 250g,Sabor : Chocolate,239.9,Clássico,LLY3U3,Curitiba,Paraná,81850680,Brasil,Correios,2023-06-03 10:29:00,2023-06-03 10:29:00,Não,0.0,Não
2000004505924241,2023-06-03 00:30:00,Mediação finalizada. Te demos o dinheiro,Você pode vê-lo na sua conta Mercado Pago.,Sim,1.0,49.9,9.79,-11.49,-9.79,0.0,38.41,Sim,MGS-120CAPS,MLB3157882184,Multivitamínico A Z 120 Caps - Growth Original,Sabor : Sem Sabor,49.9,Clássico,IQXMI5,São Paulo,São Paulo,08270290,Brasil,Correios,2023-06-05 11:39:00,2023-06-19 13:19:00,Não,1.0,Não
2000004503567831,2023-06-02 11:10:00,Entregue,Chegou em 20 de junho,Sim,1.0,119.63,0.0,-14.36,-18.45,0.0,86.82,Sim,CREAMONO-GROWTH-250G,MLB3178606303,Creatina Growth Monohidratada Pote 250g,Sabor : Sem Sabor,119.63,Clássico,VRCK2Z,São José do Rio Preto,São Paulo,15052140,Brasil,Correios,2023-06-02 12:41:00,2023-06-20 11:15:00,Não,0.0,Não
2000005761367546,2023-06-01 08:15:00,Entregue,Chegou em 7 de junho,Não,3.0,149.7,0.0,-34.47,0.0,0.0,115.23,Sim,MGS-120CAPS,MLB3157882184,Multivitamínico A Z 120 Caps - Growth Original,Sabor : Sem Sabor,49.9,Clássico,QTP5E1,Palmeira das Missões,Rio Grande do Sul,98300000,Brasil,Correios,2023-06-01 12:44:00,2023-06-07 15:49:00,Não,0.0,Não
2000005755934056,2023-05-31 14:34:00,Entregue,Chegou em 7 de junho,Não,2.0,99.8,10.82,-22.98,-10.82,0.0,76.82,Não,MGS-120CAPS,MLB3157882184,Multivitamínico A Z 120 Caps - Growth Original,Sabor : Sem Sabor,49.9,Clássico,KB4CIJ,Patos de Minas,Minas Gerais,38703174,Brasil,Correios,2023-06-01 12:44:00,2023-06-07 11:17:00,Não,0.0,Não
2000004479850781,2023-05-25 18:42:00,Entregue,Chegou em 1 de junho,Sim,1.0,116.72,0.0,-14.01,-18.45,0.0,84.26,Não,CREAMONO-GROWTH-250G,MLB3178606303,Creatina Growth Monohidratada Pote 250g,Sabor : Sem Sabor,116.72,Clássico,BNCVQ0,Tijucas,Santa Catarina,88200000,Brasil,Correios,2023-05-26 11:32:00,2023-06-01 16:43:00,Não,0.0,Não
2000005602657044,2023-05-07 17:34:00,Entregue,Chegou em 11 de maio,Não,2.0,99.8,0.0,-22.98,0.0,0.0,76.82,Não,MGS-120CAPS,MLB3157882184,Multivitamínico A Z 120 Caps - Growth Original,Sabor : Sem Sabor,49.9,Clássico,3XQVBA,Santo André,São Paulo,09250050,Brasil,Correios,2023-05-08 11:48:00,2023-05-11 14:47:00,Não,0.0,Não
2000005591541994,2023-05-05 16:01:00,Entregue,Chegou em 9 de maio,Não,2.0,99.8,0.0,-22.98,0.0,0.0,76.82,Não,MGS-120CAPS,MLB3157882184,Multivitamínico A Z 120 Caps - Growth Original,Sabor : Sem Sabor,49.9,Clássico,G13KIA,Jundiaí,São Paulo,13202620,Brasil,Correios,2023-05-08 11:48:00,2023-05-09 17:44:00,Não,0.0,Não
2000005571401546,2023-05-02 17:23:00,Entregue,Chegou em 8 de maio,Não,2.0,99.8,0.0,-22.98,0.0,0.0,76.82,Não,MGS-120CAPS,MLB3157882184,Multivitamínico A Z 120 Caps - Growth Original,Sabor : Sem Sabor,49.9,Clássico,8437RT,São Paulo,São Paulo,05210050,Brasil,Correios,2023-05-03 11:36:00,2023-05-08 16:04:00,Não,0.0,Não
2000005564024958,2023-05-01 15:01:00,Entregue,Chegou em 8 de maio,Não,1.0,116.72,0.0,-14.01,-18.45,0.0,84.26,Não,CREAMONO-GROWTH-250G,MLB3178606303,Creatina Growth Monohidratada Pote 250g,Sabor : Sem Sabor,116.72,Clássico,RM43QB,Santo André,São Paulo,09170000,Brasil,Correios,2023-05-02 11:43:00,2023-05-08 15:36:00,Não,0.0,Não
2000005475883734,2023-04-16 13:34:00,Entregue,Chegou em 26 de abril,Não,1.0,141.9,9.2,-17.03,-30.65,0.0,103.42,Não,WHEY-GROWTH-80-1KG-SORVETECREME,MLB2787409678,Suplemento Em Pó Whey Protein Concentrado 80% Growth 1kg,Sabor : Sorvete de creme,141.9,Clássico,EOG1CB,Vila Velha,Espírito Santo,29117760,Brasil,Correios,2023-04-17 13:22:00,2023-04-26 15:44:00,Não,0.0,Não
2000005417369780,2023-04-06 00:14:00,Entregue,Chegou em 18 de abril,Não,1.0,141.9,9.2,-17.03,-30.65,0.0,103.42,Não,WHEY-GROWTH-80-1KG-SORVETECREME,MLB2787409678,Suplemento Em Pó Whey Protein Concentrado 80% Growth 1kg,Sabor : Sorvete de creme,141.9,Clássico,264C2G,Anápolis,Goiás,75106105,Brasil,Correios,2023-04-06 13:31:00,2023-04-18 15:08:00,Não,0.0,Não
2000005362572604,2023-04-05 02:47:00,Entregue,Chegou em 12 de abril,Não,1.0,49.9,22.0,-11.49,-22.0,0.0,38.41,Não,MGS-120CAPS,MLB3157882184,Multivitamínico A Z 120 Caps - Growth Original,Sabor : Sem Sabor,49.9,Clássico,0204F2,São João Batista,Santa Catarina,88240000,Brasil,Correios,2023-04-05 15:10:00,2023-04-12 09:27:00,Não,0.0,Não
2000004338668469,2023-04-03 23:54:00,Entregue,Chegou em 10 de abril,Sim,1.0,229.9,0.0,-27.59,-21.45,0.0,180.86,Não,KIT-WBAUN-CREA-250G,MLB3179617242,Kit Whey Protein Concentrado Growth 1kg Creatina Growth 250g,Sabor : Baunilha,229.9,Clássico,YH27M6,Betim,Minas Gerais,32661726,Brasil,Correios,2023-04-04 15:31:00,2023-04-10 18:14:00,Não,0.0,Não
2000005377650162,2023-03-30 10:46:00,Entregue,Chegou em 5 de abril,Não,2.0,119.92,9.21,-25.4,-9.21,0.0,94.52,Não,CREAPURE-GROWTH-100G,MLB3204528688,Creatina Growth Creapure Monohidratada Pote 100g,Sabor : Sem Sabor,59.96,Clássico,OPHY31,Palmeira,Paraná,84130000,Brasil,Correios,2023-03-31 11:28:00,2023-04-05 10:21:00,Não,0.0,Não
2000004323893831,2023-03-29 10:45:00,Entregue,Chegou em 4 de abril,Sim,3.0,179.88,0.0,-38.1,0.0,0.0,141.78,Não,CREAPURE-GROWTH-100G,MLB3204528688,Creatina Growth Creapure Monohidratada Pote 100g,Sabor : Sem Sabor,59.96,Clássico,SX3U9Y,Prudentópolis,Paraná,84400000,Brasil,Correios,2023-03-30 11:36:00,2023-04-04 15:20:00,Não,0.0,Não
2000004322941377,2023-03-28 22:32:00,Entregue,Chegou em 13 de abril,Sim,1.0,141.9,9.2,-17.03,-30.65,0.0,103.42,Não,WHEY-GROWTH-80-1KG-SORVETECREME,MLB2787409678,Suplemento Em Pó Whey Protein Concentrado 80% Growth 1kg,Sabor : Sorvete de creme,141.9,Clássico,R94I5Y,Rio de Janeiro,Rio de Janeiro,22790150,Brasil,Correios,2023-03-29 11:37:00,2023-04-13 16:13:00,Não,0.0,Não
2000005324140878,2023-03-21 08:37:00,Entregue,Chegou em 31 de março,Não,1.0,116.72,0.0,-14.01,-18.45,0.0,84.26,Sim,CREAMONO-GROWTH-250G,MLB3178606303,Creatina Growth Monohidratada Pote 250g,Sabor : Sem Sabor,116.72,Clássico,26SU68,Goiânia,Goiás,74685150,Brasil,Correios,2023-03-22 11:40:00,2023-03-31 14:40:00,Não,0.0,Não
2000005324074338,2023-03-21 08:15:00,Entregue,Chegou em 3 de abril,Não,1.0,229.9,15.26,-27.59,-36.71,0.0,180.86,Não,KIT-WBAUN-CREA-250G,MLB3179617242,Kit Whey Protein Concentrado Growth 1kg Creatina Growth 250g,Sabor : Baunilha,229.9,Clássico,J5JWY8,Apiacás,Mato Grosso,78595000,Brasil,Correios,2023-03-22 11:40:00,2023-04-03 08:32:00,Não,0.0,Não
2000005319667798,2023-03-20 14:54:00,Entregue,Chegou em 24 de março,Não,1.0,229.9,0.0,-27.59,-21.45,0.0,180.86,Não,KIT-WCHOC-CREA-250G,MLB3179617242,Kit Whey Protein Concentrado Growth 1kg Creatina Growth 250g,Sabor : Chocolate,229.9,Clássico,RF8Y1W,São José dos Campos,São Paulo,12238010,Brasil,Correios,2023-03-21 11:38:00,2023-03-24 16:54:00,Não,0.0,Não
2000005319564500,2023-03-20 14:37:00,Entregue,Chegou em 27 de março,Não,1.0,141.9,9.2,-17.03,-30.65,0.0,103.42,Não,WHEY-GROWTH-80-1KG-CHOCOLATE,MLB2787409678,Suplemento Em Pó Whey Protein Concentrado 80% Growth 1kg,Sabor : Chocolate,141.9,Clássico,XS6MSH,Uberaba,Minas Gerais,38055020,Brasil,Correios,2023-03-21 11:38:00,2023-03-27 14:42:00,Não,0.0,Não
2000005319353458,2023-03-20 14:09:00,Entregue,Chegou em 24 de março,Não,1.0,116.72,0.0,-14.01,-18.45,0.0,84.26,Sim,CREAMONO-GROWTH-250G,MLB3178606303,Creatina Growth Monohidratada Pote 250g,Sabor : Sem Sabor,116.72,Clássico,FAAOA5,Belo Horizonte,Minas Gerais,30668272,Brasil,Correios,2023-03-21 11:38:00,2023-03-24 18:03:00,Não,0.0,Não
2000004298241237,2023-03-19 13:41:00,Entregue,Chegou em 23 de março,Sim,1.0,116.72,0.0,-14.01,-18.45,0.0,84.26,Sim,CREAMONO-GROWTH-250G,MLB3178606303,Creatina Growth Monohidratada Pote 250g,Sabor : Sem Sabor,116.72,Clássico,OTC5TB,Santo André,São Paulo,09121370,Brasil,Correios,2023-03-20 11:36:00,2023-03-23 14:29:00,Não,0.0,Não
2000005310813014,2023-03-18 19:21:00,Entregue,Chegou em 23 de março,Não,1.0,141.9,0.0,-17.03,-21.45,0.0,103.42,Não,WHEY-GROWTH-80-1KG-CHOCOLATE,MLB2787409678,Suplemento Em Pó Whey Protein Concentrado 80% Growth 1kg,Sabor : Chocolate,141.9,Clássico,HP9GI2,São Paulo,São Paulo,02033000,Brasil,Correios,2023-03-20 11:36:00,2023-03-23 11:35:00,Não,0.0,Não
2000005310488222,2023-03-18 18:11:00,Entregue,Chegou em 24 de março,Não,1.0,116.72,0.0,-14.01,-18.45,0.0,84.26,Não,CREAMONO-GROWTH-250G,MLB3178606303,Creatina Growth Monohidratada Pote 250g,Sabor : Sem Sabor,116.72,Clássico,I32L73,Varjão de Minas,Minas Gerais,38794000,Brasil,Correios,2023-03-20 11:36:00,2023-03-24 10:30:00,Não,0.0,Não
2000005308127472,2023-03-18 09:28:00,Entregue,Chegou em 27 de março,Não,1.0,116.72,0.0,-14.01,-18.45,0.0,84.26,Sim,CREAMONO-GROWTH-250G,MLB3178606303,Creatina Growth Monohidratada Pote 250g,Sabor : Sem Sabor,116.72,Clássico,J4BQQQ,Foz do Iguaçu,Paraná,85858522,Brasil,Correios,2023-03-20 11:36:00,2023-03-27 17:49:00,Não,0.0,Não
2000005306144020,2023-03-17 19:30:00,Entregue,Chegou em 23 de março,Não,1.0,229.9,0.0,-27.59,-21.45,0.0,180.86,Sim,KIT-WCHOC-CREA-250G,MLB3179617242,Kit Whey Protein Concentrado Growth 1kg Creatina Growth 250g,Sabor : Chocolate,229.9,Clássico,89E2BZ,Curitiba,Paraná,82220440,Brasil,Correios,2023-03-20 11:36:00,2023-03-23 16:14:00,Não,0.0,Não
2000005304916472,2023-03-17 15:39:00,Entregue,Chegou em 22 de março,Não,2.0,233.44,26.0,-28.02,-62.9,0.0,168.52,Sim,CREAMONO-GROWTH-250G,MLB3178606303,Creatina Growth Monohidratada Pote 250g,Sabor : Sem Sabor,116.72,Clássico,IS9YYU,Criciúma,Santa Catarina,88809190,Brasil,Correios,2023-03-20 11:36:00,2023-03-22 10:07:00,Não,0.0,Não
2000005284362678,2023-03-14 15:29:00,Entregue,Chegou em 21 de março,Não,1.0,139.9,9.36,-16.79,-30.81,0.0,101.66,Não,WHEY-GROWTH-80-1KG-BAUNILHA,MLB2787409678,Suplemento Em Pó Whey Protein Concentrado 80% Growth 1kg,Sabor : Baunilha,139.9,Clássico,BYT7N7,Tubarão,Santa Catarina,88701140,Brasil,Correios,2023-03-15 11:50:00,2023-03-21 14:05:00,Não,0.0,Não
2000005284181342,2023-03-14 15:04:00,Entregue,Chegou em 20 de março,Não,1.0,139.9,9.36,-16.79,-30.81,0.0,101.66,Não,WHEY-GROWTH-80-1KG-CHOCOLATE,MLB2787409678,Suplemento Em Pó Whey Protein Concentrado 80% Growth 1kg,Sabor : Chocolate,139.9,Clássico,DZQ326,Ipatinga,Minas Gerais,35160304,Brasil,Correios,2023-03-15 11:50:00,2023-03-20 17:52:00,Não,0.0,Não
2000005243287174,2023-03-07 22:20:00,Entregue,Chegou em 13 de março,Não,1.0,116.72,0.0,-14.01,-18.45,0.0,84.26,Sim,CREAMONO-GROWTH-250G,MLB3178606303,Creatina Growth Monohidratada Pote 250g,Sabor : Sem Sabor,116.72,Clássico,D4RGAM,Ribeirão Preto,São Paulo,14085220,Brasil,Correios,2023-03-08 11:30:00,2023-03-13 15:37:00,Não,0.0,Não
2000005242857378,2023-03-07 21:20:00,Entregue,Chegou em 9 de março,Não,1.0,229.9,5.0,-27.59,-26.45,0.0,180.86,Sim,KIT-WCHOC-CREA-250G,MLB3179617242,Kit Whey Protein Concentrado Growth 1kg Creatina Growth 250g,Sabor : Chocolate,229.9,Clássico,U9O7B4,São José do Rio Preto,São Paulo,15061727,Brasil,Correios,2023-03-08 11:30:00,2023-03-09 15:11:00,Não,0.0,Não
2000005242028682,2023-03-07 19:20:00,Entregue,Chegou em 9 de março,Não,1.0,116.72,3.0,-14.01,-21.45,0.0,84.26,Não,CREAMONO-GROWTH-250G,MLB3178606303,Creatina Growth Monohidratada Pote 250g,Sabor : Sem Sabor,116.72,Clássico,ZZUKV3,Botucatu,São Paulo,18601696,Brasil,Correios,2023-03-08 11:30:00,2023-03-09 12:32:00,Não,0.0,Não
2000005241635308,2023-03-07 18:23:00,Cancelada pelo comprador,Cancelou porque se arrependeu da compra.,Não,1.0,229.9,72.76,-27.59,-94.21,-180.86,0.0,Não,KIT-WCHOC-CREA-250G,MLB3179617242,Kit Whey Protein Concentrado Growth 1kg Creatina Growth 250g,Sabor : Chocolate,229.9,Clássico,VEI9CF,Cabedelo,Paraíba,58100170,Brasil,Correios,2023-03-07 18:23:00,2023-03-07 18:23:00,Não,0.0,Não
2000005240575476,2023-03-07 15:54:00,Entregue,Chegou em 14 de março,Não,1.0,229.9,0.0,-27.59,-21.45,0.0,180.86,Sim,KIT-WCHOC-CREA-250G,MLB3179617242,Kit Whey Protein Concentrado Growth 1kg Creatina Growth 250g,Sabor : Chocolate,229.9,Clássico,9I18GO,São Fidélis,Rio de Janeiro,28400000,Brasil,Correios,2023-03-08 11:30:00,2023-03-14 10:33:00,Não,0.0,Não
2000005240379788,2023-03-07 15:28:00,Entregue,Chegou em 10 de março,Não,1.0,229.9,0.0,-27.59,-21.45,0.0,180.86,Sim,KIT-WSC-CREA-250G,MLB3179617242,Kit Whey Protein Concentrado Growth 1kg Creatina Growth 250g,Sabor : Sorvete de creme,229.9,Clássico,FQDY3K,Bálsamo,São Paulo,15140000,Brasil,Correios,2023-03-08 11:30:00,2023-03-10 14:11:00,Não,0.0,Não
2000004264989267,2023-03-07 07:33:00,Entregue,Chegou em 10 de março,Sim,1.0,48.9,17.8,-11.37,-17.8,0.0,37.53,Sim,MGS-120CAPS,MLB3157882184,Multivitamínico A Z 120 Caps - Growth Original,Sabor : Sem Sabor,48.9,Clássico,PTD5BE,Barretos,São Paulo,14781214,Brasil,Correios,2023-03-07 11:31:00,2023-03-10 10:59:00,Não,0.0,Não
2000005235294206,2023-03-06 21:02:00,Entregue,Chegou em 10 de março,Não,2.0,97.8,0.0,-22.74,0.0,0.0,75.06,Sim,MGS-120CAPS,MLB3157882184,Multivitamínico A Z 120 Caps - Growth Original,Sabor : Sem Sabor,48.9,Clássico,YSGBNX,Piraju,São Paulo,18803444,Brasil,Correios,2023-03-07 11:31:00,2023-03-10 16:37:00,Não,0.0,Não
2000005232279936,2023-03-06 14:21:00,Entregue,Chegou em 14 de março,Não,2.0,119.92,9.21,-25.4,-9.21,0.0,94.52,Não,CREAPURE-GROWTH-100G,MLB3204528688,Creatina Growth Creapure Monohidratada Pote 100g,Sabor : Sem Sabor,59.96,Clássico,68PGHC,São Mateus do Sul,Paraná,83900000,Brasil,Correios,2023-03-07 11:31:00,2023-03-14 14:14:00,Não,0.0,Não
2000004244643827,2023-02-27 19:21:00,Entregue,Chegou em 6 de março,Sim,1.0,139.9,9.36,-16.79,-30.81,0.0,101.66,Não,WHEY-GROWTH-80-1KG-MORANGO,MLB2787409678,Suplemento Em Pó Whey Protein Concentrado 80% Growth 1kg,Sabor : Morango,139.9,Clássico,KLGKYM,Piedade do Rio Grande,Minas Gerais,36227000,Brasil,Correios,2023-02-28 13:09:00,2023-03-06 16:12:00,Não,0.0,Não
2000005182206262,2023-02-26 15:10:00,Entregue,Chegou em 6 de março,Não,1.0,116.72,0.0,-14.01,-18.45,0.0,84.26,Sim,CREAMONO-GROWTH-250G,MLB3178606303,Creatina Growth Monohidratada Pote 250g,Sabor : Sem Sabor,116.72,Clássico,9Y2N1Z,Bento Gonçalves,Rio Grande do Sul,95708630,Brasil,Correios,2023-02-27 13:01:00,2023-03-06 14:08:00,Não,0.0,Não
2000004240947247,2023-02-26 11:23:00,Entregue,Chegou em 10 de março,Sim,1.0,116.72,0.0,-14.01,-18.45,0.0,84.26,Sim,CREAMONO-GROWTH-250G,MLB3178606303,Creatina Growth Monohidratada Pote 250g,Sabor : Sem Sabor,116.72,Clássico,M32ZY2,Foz do Iguaçu,Paraná,85870596,Brasil,Correios,2023-02-27 13:01:00,2023-03-10 11:11:00,Não,0.0,Não
2000005179122418,2023-02-25 19:19:00,Entregue,Chegou em 1 de março,Não,1.0,48.9,17.8,-11.37,-17.8,0.0,37.53,Não,MGS-120CAPS,MLB3157882184,Multivitamínico A Z 120 Caps - Growth Original,Sabor : Sem Sabor,48.9,Clássico,CV58KI,Santo André,São Paulo,09070331,Brasil,Correios,2023-02-27 13:01:00,2023-03-01 13:57:00,Não,0.0,Não
2000005176667592,2023-02-25 10:46:00,Entregue,Chegou em 6 de março,Não,1.0,229.9,0.0,-27.59,-21.45,0.0,180.86,Sim,KIT-WBAUN-CREA-250G,MLB3179617242,Kit Whey Protein Concentrado Growth 1kg Creatina Growth 250g,Sabor : Baunilha,229.9,Clássico,EOC737,Campo Grande,Mato Grosso do Sul,79104380,Brasil,Correios,2023-02-27 13:01:00,2023-03-06 13:33:00,Não,0.0,Não
2000005172144208,2023-02-24 13:01:00,Entregue,Chegou em 2 de março,Não,1.0,229.9,0.0,-27.59,-21.45,0.0,180.86,Sim,KIT-WSC-CREA-250G,MLB3179617242,Kit Whey Protein Concentrado Growth 1kg Creatina Growth 250g,Sabor : Sorvete de creme,229.9,Clássico,8BINNP,São Paulo,São Paulo,01415000,Brasil,Correios,2023-02-27 13:01:00,2023-03-02 17:18:00,Não,0.0,Não
2000005171269660,2023-02-24 10:29:00,Entregue,Chegou em 1 de março,Não,1.0,229.9,0.0,-27.59,-21.45,0.0,180.86,Sim,KIT-WSC-CREA-250G,MLB3179617242,Kit Whey Protein Concentrado Growth 1kg Creatina Growth 250g,Sabor : Sorvete de creme,229.9,Clássico,F7SBUN,Curitiba,Paraná,81670460,Brasil,Correios,2023-02-27 13:01:00,2023-03-01 18:15:00,Não,0.0,Não
2000005170724352,2023-02-24 08:12:00,Entregue,Chegou em 2 de março,Não,1.0,59.96,16.02,-12.7,-16.02,0.0,47.26,Não,CREAPURE-GROWTH-100G,MLB3204528688,Creatina Growth Creapure Monohidratada Pote 100g,Sabor : Sem Sabor,59.96,Clássico,D7HZBK,Osasco,São Paulo,06172220,Brasil,Correios,2023-02-27 13:01:00,2023-03-02 18:47:00,Não,0.0,Não
2000005161073844,2023-02-22 16:38:00,Entregue,Chegou em 28 de fevereiro,Não,1.0,48.9,16.02,-11.37,-16.02,0.0,37.53,Não,MGS-120CAPS,MLB3157882184,Multivitamínico A Z 120 Caps - Growth Original,Sabor : Sem Sabor,48.9,Clássico,IF2461,São Paulo,São Paulo,05787000,Brasil,Correios,2023-02-23 12:04:00,2023-02-28 16:09:00,Não,0.0,Não
2000005160714212,2023-02-22 15:42:00,Entregue,Chegou em 24 de fevereiro,Não,1.0,139.9,0.0,-16.79,-21.45,0.0,101.66,Não,WHEY-GROWTH-80-1KG-BAUNILHA,MLB2787409678,Suplemento Em Pó Whey Protein Concentrado 80% Growth 1kg,Sabor : Baunilha,139.9,Clássico,L4B8ZD,Leme,São Paulo,13613199,Brasil,Correios,2023-02-23 12:04:00,2023-02-24 14:41:00,Não,0.0,Não
2000004230292675,2023-02-21 21:54:00,Entregue,Chegou em 23 de fevereiro,Sim,1.0,59.96,9.79,-12.7,-9.79,0.0,47.26,Não,CREAPURE-GROWTH-100G,MLB3204528688,Creatina Growth Creapure Monohidratada Pote 100g,Sabor : Sem Sabor,59.96,Clássico,L0NOVR,Americana,São Paulo,13465773,Brasil,Correios,2023-02-22 12:40:00,2023-02-23 12:24:00,Não,0.0,Não
2000005154361106,2023-02-21 14:07:00,Entregue,Chegou em 28 de fevereiro,Não,2.0,79.8,0.0,-20.58,0.0,0.0,59.22,Não,MGS-120CAPS,MLB3157882184,Multivitamínico A Z 120 Caps - Growth Original,Sabor : Sem Sabor,39.9,Clássico,XRYZP4,São Paulo,São Paulo,04837140,Brasil,Correios,2023-02-22 12:40:00,2023-02-28 15:49:00,Não,0.0,Não
2000005150805608,2023-02-20 19:05:00,Entregue,Chegou em 23 de fevereiro,Não,2.0,79.8,3.0,-20.58,-3.0,0.0,59.22,Sim,MGS-120CAPS,MLB3157882184,Multivitamínico A Z 120 Caps - Growth Original,Sabor : Sem Sabor,39.9,Clássico,AQSIPX,Botucatu,São Paulo,18609083,Brasil,Correios,2023-02-22 12:40:00,2023-02-23 13:03:00,Não,0.0,Não
2000005149542266,2023-02-20 15:12:00,Entregue,Chegou em 28 de fevereiro,Não,1.0,189.9,0.0,-22.79,-21.45,0.0,145.66,Não,KIT-WCHOC-CREAPURE-100G,MLB3204576713,Kit Whey Protein Concentrado Growth 1kg Creatina Growth 100g,Sabor : Chocolate,189.9,Clássico,LT0AYD,Sete Lagoas,Minas Gerais,35703203,Brasil,Correios,2023-02-22 12:40:00,2023-02-28 09:11:00,Não,0.0,Não
2000004226707525,2023-02-20 13:37:00,Entregue,Chegou em 1 de março,Sim,1.0,139.9,9.36,-16.79,-30.81,0.0,101.66,Não,WHEY-GROWTH-80-1KG-CHOCOLATE,MLB2787409678,Suplemento Em Pó Whey Protein Concentrado 80% Growth 1kg,Sabor : Chocolate,139.9,Clássico,6U7FA9,Jaraguá do Sul,Santa Catarina,89251000,Brasil,Correios,2023-02-22 12:40:00,2023-03-01 14:55:00,Não,0.0,Não
2000004224270053,2023-02-19 08:33:00,Entregue,Chegou em 28 de fevereiro,Sim,1.0,39.9,17.8,-10.29,-17.8,0.0,29.61,Não,MGS-120CAPS,MLB3157882184,Multivitamínico A Z 120 Caps - Growth Original,Sabor : Sem Sabor,39.9,Clássico,4ILYBH,Monte Alto,São Paulo,15910000,Brasil,Correios,2023-02-22 12:40:00,2023-02-28 17:56:00,Não,0.0,Não
2000004209270627,2023-02-13 11:22:00,Entregue,Chegou em 17 de fevereiro,Sim,1.0,55.9,27.5,-12.21,-27.5,0.0,43.69,Não,OPUGS-75CAPS,MLB3160989922,Omega 3 Óleo De Peixe Ultra Growth Supplements Pote 75 Caps,Sabor : Sem Sabor,55.9,Clássico,R2DJDZ,Belo Horizonte,Minas Gerais,30190000,Brasil,Correios,2023-02-14 12:44:00,2023-02-17 13:19:00,Não,0.0,Não
2000004206830971,2023-02-12 11:58:00,Entregue,Chegou em 22 de fevereiro,Sim,1.0,139.9,0.0,-16.79,-21.45,0.0,101.66,Não,WHEY-GROWTH-80-1KG-CHOCOLATE,MLB2787409678,Suplemento Em Pó Whey Protein Concentrado 80% Growth 1kg,Sabor : Chocolate,139.9,Clássico,OW5D0H,São Joaquim da Barra,São Paulo,14600000,Brasil,Correios,2023-02-13 11:33:00,2023-02-22 13:42:00,Não,0.0,Não
2000004197965393,2023-02-09 03:01:00,Entregue,Chegou em 13 de fevereiro,Sim,1.0,133.9,0.0,-16.07,-25.74,0.0,92.09,Não,WHEY-GROWTH-80-1KG-CHOCOLATE,MLB2787409678,Suplemento Em Pó Whey Protein Concentrado 80% Growth 1kg,Sabor : Chocolate,133.9,Clássico,AVXGQR,Itapeva,São Paulo,18410250,Brasil,Correios,2023-02-09 11:34:00,2023-02-13 14:12:00,Não,0.0,Não
2000005081714054,2023-02-08 17:07:00,Entregue,Chegou em 10 de fevereiro,Não,1.0,115.9,3.0,-13.91,-25.14,0.0,79.85,Não,CREAMONO-GROWTH-250G,MLB3178606303,Creatina Growth Monohidratada Pote 250g,Sabor : Sem Sabor,115.9,Clássico,UIAZ4J,Marília,São Paulo,17523015,Brasil,Correios,2023-02-09 11:34:00,2023-02-10 16:35:00,Não,0.0,Não
2000005070899828,2023-02-07 08:11:00,Entregue,Chegou em 14 de fevereiro,Não,1.0,115.9,0.0,-13.91,-22.14,0.0,79.85,Não,CREAMONO-GROWTH-250G,MLB3178606303,Creatina Growth Monohidratada Pote 250g,Sabor : Sem Sabor,115.9,Clássico,QTWB7U,São Francisco,Minas Gerais,39300000,Brasil,Correios,2023-02-08 11:36:00,2023-02-14 08:31:00,Não,0.0,Não
2000005066734540,2023-02-06 16:12:00,Entregue,Chegou em 13 de fevereiro,Sim,1.0,133.9,0.0,16.07,25.74,0.0,92.09,Não,WHEY-GROWTH-80-1KG-CHOCOLATE,MLB2787409678,Suplemento Em Pó Whey Protein Concentrado 80% Growth 1kg,Sabor : Chocolate,133.9,Clássico,J5V7M0,Bom Jardim de Minas,Minas Gerais,37310000,Brasil,Correios,2023-02-07 11:14:00,2023-02-13 15:10:00,Não,0.0,Não
2000005066738224,2023-02-06 16:12:00,Entregue,Chegou em 13 de fevereiro,Sim,1.0,133.9,0.0,16.07,25.74,0.0,92.09,Não,WHEY-GROWTH-80-1KG-SORVETECREME,MLB2787409678,Suplemento Em Pó Whey Protein Concentrado 80% Growth 1kg,Sabor : Sorvete de creme,133.9,Clássico,XSLKNU,Bom Jardim de Minas,Minas Gerais,37310000,Brasil,Correios,2023-02-07 11:14:00,2023-02-13 15:10:00,Não,0.0,Não
2000005061141030,2023-02-05 18:13:00,Entregue,Chegou em 10 de fevereiro,Não,1.0,229.9,0.0,-27.59,-25.74,0.0,176.57,Não,KIT-WBAUN-CREA-250G,MLB3179617242,Kit Whey Protein Concentrado Growth 1kg Creatina Growth 250g,Sabor : Baunilha,229.9,Clássico,YS90Z7,Santa Maria,Rio Grande do Sul,97110540,Brasil,Correios,2023-02-06 11:44:00,2023-02-10 08:15:00,Não,0.0,Não
2000004988081822,2023-01-24 10:30:00,Entregue,Chegou em 26 de janeiro,Não,1.0,139.9,0.0,-16.79,-25.74,0.0,97.37,Não,WHEY-GROWTH-80-1KG-CHOCOLATE,MLB2787409678,Suplemento Em Pó Whey Protein Concentrado 80% Growth 1kg,Sabor : Chocolate,139.9,Clássico,32RL87,São Paulo,São Paulo,04304001,Brasil,Correios,2023-01-24 15:03:00,2023-01-26 16:52:00,Não,0.0,Não
