N.º de venda,Data da venda,Status,Descrição do status,Pacote de diversos produtos,Unidades,Receita por produtos (BRL),Receita por envio (BRL),Tarifa de venda e impostos,Tarifas de envio,Cancelamentos e reembolsos (BRL),Total (BRL),Venda por publicidade,SKU,# de anúncio,Título do anúncio,Variação,Preço unitário de venda do anúncio (BRL),Tipo de anúncio,ID_Cliente,Estado,País,Forma de entrega,Data a caminho completa,Data de entrega completa,Reclamação aberta,Reclamação encerrada,Em mediação
2000004826452531,2023-09-13 14:14:00,Entregue,Chegou em 19 de setembro,Sim,1.0,37.71,44.5,-10.53,-44.5,0.0,27.18,Não,PEANUT-CHOCOTINE-600G,MLB3442253069,Suplemento Dr Peanut Pasta De Amendoim Sabor Chocotine Em Pote De 600g,Sabor : Sem Sabor,37.71,Clássico,2KTIAR,Goiás,Brasil,Correios,2023-09-14 11:30:00,2023-09-19 14:42:00,Não,0.0,Não
2000004647326631,2023-07-19 17:38:00,Entregue,Chegou em 25 de julho,Sim,1.0,149.9,9.06,-17.99,-31.51,0.0,109.46,Não,BVG-CHOCOLATE-1KG,MLB3335309815,Proteína Vegana Blend Vegan Growth 1kg,Sabor : Chocolate,149.9,Clássico,1Q3WF0,Santa Catarina,Brasil,Correios,2023-07-20 11:26:00,2023-07-25 13:42:00,Não,0.0,Não
2000006002135954,2023-07-11 09:00:00,Entregue,Chegou em 18 de julho,Não,1.0,119.63,0.0,-14.36,-19.45,0.0,85.82,Sim,CREAMONO-GROWTH-250G,MLB3178606303,Creatina Growth Monohidratada Pote 250g,Sabor : Sem Sabor,119.63,Clássico,DHICSI,Minas Gerais,Brasil,Correios,2023-07-11 12:44:00,2023-07-18 16:19:00,Não,0.0,Não
2000004614655321,2023-07-09 19:07:00,Entregue,Chegou em 18 de julho,Sim,1.0,119.63,0.0,-14.36,-19.45,0.0,85.82,Sim,CREAMONO-GROWTH-250G,MLB3178606303,Creatina Growth Monohidratada Pote 250g,Sabor : Sem Sabor,119.63,Clássico,AI6DCR,Mato Grosso do Sul,Brasil,Correios,2023-07-10 11:25:00,2023-07-18 09:00:00,Não,0.0,Não
2000004611154553,2023-07-08 11:01:00,Entregue,Chegou em 21 de julho,Sim,1.0,119.63,45.38,-14.36,-64.83,0.0,85.82,Sim,CREAMONO-GROWTH-250G,MLB3178606303,Creatina Growth Monohidratada Pote 250g,Sabor : Sem Sabor,119.63,Clássico,38XQXK,Ceará,Brasil,Correios,2023-07-10 11:25:00,2023-07-21 11:49:00,Não,0.0,Não
2000005994833814,2023-07-06 18:17:00,Entregue,Chegou em 10 de julho,Não,1.0,119.63,0.0,-14.36,-19.45,0.0,85.82,Sim,CREAMONO-GROWTH-250G,MLB3178606303,Creatina Growth Monohidratada Pote 250g,Sabor : Sem Sabor,119.63,Clássico,9O7DMU,São Paulo,Brasil,Correios,2023-07-07 11:42:00,2023-07-10 17:23:00,Não,0.0,Não
2000005975059874,2023-07-04 09:19:00,Cancelada pelo comprador,Cancelou porque se arrependeu da compra.,Não,1.0,119.63,0.0,-14.36,-19.45,-85.82,0.0,Sim,CREAMONO-GROWTH-250G,MLB3178606303,Creatina Growth Monohidratada Pote 250g,Sabor : Sem Sabor,119.63,Clássico,4PEFWD,Santa Catarina,Brasil,Correios,2023-07-04 09:19:00,2023-07-04 09:19:00,Não,0.0,Não
2000005969341642,2023-07-03 14:22:00,Entregue,Chegou em 7 de julho,Não,1.0,119.63,0.0,-14.36,-19.45,0.0,85.82,Sim,CREAMONO-GROWTH-250G,MLB3178606303,Creatina Growth Monohidratada Pote 250g,Sabor : Sem Sabor,119.63,Clássico,RYF608,São Paulo,Brasil,Correios,2023-07-04 12:48:00,2023-07-07 14:48:00,Não,0.0,Não
2000005962933212,2023-07-02 14:57:00,Entregue,Chegou em 10 de julho,Não,1.0,119.63,0.0,-14.36,-18.45,0.0,86.82,Sim,CREAMONO-GROWTH-250G,MLB3178606303,Creatina Growth Monohidratada Pote 250g,Sabor : Sem Sabor,119.63,Clássico,F7IAZL,São Paulo,Brasil,Correios,2023-07-03 11:31:00,2023-07-10 10:02:00,Não,0.0,Não
2000004591765469,2023-07-02 13:49:00,Cancelada pelo comprador,Cancelou porque se arrependeu da compra.,Sim,1.0,119.63,0.0,-14.36,-18.45,-86.82,0.0,Sim,CREAMONO-GROWTH-250G,MLB3178606303,Creatina Growth Monohidratada Pote 250g,Sabor : Sem Sabor,119.63,Clássico,MJU2FZ,Rio de Janeiro,Brasil,Correios,2023-07-02 13:49:00,2023-07-02 13:49:00,Não,0.0,Não
2000005959163502,2023-07-01 18:06:00,Entregue,Chegou em 14 de julho,Não,1.0,119.63,0.0,-14.36,-18.45,0.0,86.82,Sim,CREAMONO-GROWTH-250G,MLB3178606303,Creatina Growth Monohidratada Pote 250g,Sabor : Sem Sabor,119.63,Clássico,NCO3WX,Espírito Santo,Brasil,Correios,2023-07-03 11:31:00,2023-07-14 14:43:00,Não,0.0,Não
2000004589448563,2023-07-01 12:27:00,Entregue,Chegou em 6 de julho,Sim,1.0,119.63,0.0,-14.36,-18.45,0.0,86.82,Não,CREAMONO-GROWTH-250G,MLB3178606303,Creatina Growth Monohidratada Pote 250g,Sabor : Sem Sabor,119.63,Clássico,ZHI3DL,Paraná,Brasil,Correios,2023-07-03 11:31:00,2023-07-06 11:13:00,Não,0.0,Não
2000005948848164,2023-06-29 21:25:00,Entregue,Chegou em 10 de julho,Não,1.0,119.63,0.0,-14.36,-18.45,0.0,86.82,Sim,CREAMONO-GROWTH-250G,MLB3178606303,Creatina Growth Monohidratada Pote 250g,Sabor : Sem Sabor,119.63,Clássico,FFG7U2,Distrito Federal,Brasil,Correios,2023-06-30 11:32:00,2023-07-10 15:38:00,Não,0.0,Não
2000005929454268,2023-06-27 01:10:00,Entregue,Chegou em 10 de julho,Não,1.0,119.63,0.0,-14.36,-18.45,0.0,86.82,Não,CREAMONO-GROWTH-250G,MLB3178606303,Creatina Growth Monohidratada Pote 250g,Sabor : Sem Sabor,119.63,Clássico,BS3OYM,Minas Gerais,Brasil,Correios,2023-06-27 11:34:00,2023-07-10 15:11:00,Não,0.0,Não
2000005928251416,2023-06-26 21:28:00,Entregue,Chegou em 12 de julho,Não,1.0,119.63,0.0,-14.36,-18.45,0.0,86.82,Sim,CREAMONO-GROWTH-250G,MLB3178606303,Creatina Growth Monohidratada Pote 250g,Sabor : Sem Sabor,119.63,Clássico,Y9PZAS,Minas Gerais,Brasil,Correios,2023-06-27 11:34:00,2023-07-12 14:22:00,Não,0.0,Não
2000005925918080,2023-06-26 15:57:00,Entregue,Chegou em 5 de julho,Não,1.0,119.63,0.0,-14.36,-18.45,0.0,86.82,Sim,CREAMONO-GROWTH-250G,MLB3178606303,Creatina Growth Monohidratada Pote 250g,Sabor : Sem Sabor,119.63,Clássico,I516LO,Minas Gerais,Brasil,Correios,2023-06-27 11:34:00,2023-07-05 16:40:00,Não,0.0,Não
2000005914704106,2023-06-24 12:21:00,Entregue,Chegou em 27 de junho,Não,1.0,119.63,3.0,-14.36,-21.45,0.0,86.82,Sim,CREAMONO-GROWTH-250G,MLB3178606303,Creatina Growth Monohidratada Pote 250g,Sabor : Sem Sabor,119.63,Clássico,8160Z6,São Paulo,Brasil,Correios,2023-06-26 11:39:00,2023-06-27 17:00:00,Não,0.0,Não
2000005897348330,2023-06-21 14:51:00,Entregue,Chegou em 28 de junho,Não,1.0,119.63,0.0,-14.36,-18.45,0.0,86.82,Sim,CREAMONO-GROWTH-250G,MLB3178606303,Creatina Growth Monohidratada Pote 250g,Sabor : Sem Sabor,119.63,Clássico,PNYTRV,Rio de Janeiro,Brasil,Correios,2023-06-22 17:01:00,2023-06-28 16:41:00,Não,0.0,Não
2000004556664195,2023-06-21 02:55:00,Entregue,Chegou em 29 de junho,Sim,1.0,119.63,0.0,-14.36,-18.45,0.0,86.82,Sim,CREAMONO-GROWTH-250G,MLB3178606303,Creatina Growth Monohidratada Pote 250g,Sabor : Sem Sabor,119.63,Clássico,CKDP3N,São Paulo,Brasil,Correios,2023-06-21 11:34:00,2023-06-29 14:54:00,Não,0.0,Não
2000005893321050,2023-06-20 22:09:00,Entregue,Chegou em 27 de junho,Não,2.0,239.26,0.0,-28.72,-36.9,0.0,173.64,Sim,CREAMONO-GROWTH-250G,MLB3178606303,Creatina Growth Monohidratada Pote 250g,Sabor : Sem Sabor,119.63,Clássico,51OA8X,São Paulo,Brasil,Correios,2023-06-21 11:34:00,2023-06-27 14:24:00,Não,0.0,Não
2000004556734665,2023-06-19 22:05:00,Entregue,Chegou em 24 de junho,Sim,1.0,99.96,0.0,-12.0,-21.45,0.0,66.51,Não,MW-GROWTH-CHOCOLATE-1KG,MLB3716270934,Whey Protein Growth Medium Whey 1kg,Sabor : Chocolate,99.96,Clássico,4REP7T,São Paulo,Brasil,Correios,2023-06-20 17:06:00,2023-06-24 11:04:00,Não,0.0,Não
2000004551428833,2023-06-17 20:48:00,Entregue,Chegou em 26 de junho,Sim,1.0,119.63,0.0,-14.36,-18.45,0.0,86.82,Sim,CREAMONO-GROWTH-250G,MLB3178606303,Creatina Growth Monohidratada Pote 250g,Sabor : Sem Sabor,119.63,Clássico,ABBEO6,Rio de Janeiro,Brasil,Correios,2023-06-19 11:29:00,2023-06-26 13:38:00,Não,0.0,Não
2000005872385654,2023-06-17 16:01:00,Entregue,Chegou em 20 de junho,Não,1.0,119.63,0.0,-14.36,-18.45,0.0,86.82,Sim,CREAMONO-GROWTH-250G,MLB3178606303,Creatina Growth Monohidratada Pote 250g,Sabor : Sem Sabor,119.63,Clássico,MUD67O,São Paulo,Brasil,Correios,2023-06-19 11:29:00,2023-06-20 13:18:00,Não,0.0,Não
2000004542988007,2023-06-14 22:02:00,Entregue,Chegou em 26 de junho,Sim,1.0,49.9,9.79,-11.49,-9.79,0.0,38.41,Sim,MGS-120CAPS,MLB3157882184,Multivitamínico A Z 120 Caps - Growth Original,Sabor : Sem Sabor,49.9,Clássico,K0RDNU,São Paulo,Brasil,Correios,2023-06-15 11:31:00,2023-06-26 11:14:00,Não,0.0,Não
2000005856204872,2023-06-14 21:33:00,Entregue,Chegou em 21 de junho,Não,1.0,49.9,17.5,-11.49,-17.5,0.0,38.41,Sim,MGS-120CAPS,MLB3157882184,Multivitamínico A Z 120 Caps - Growth Original,Sabor : Sem Sabor,49.9,Clássico,ARKOV8,Goiás,Brasil,Correios,2023-06-15 11:31:00,2023-06-21 13:57:00,Não,0.0,Não
2000005856183592,2023-06-14 21:33:00,Entregue,Chegou em 19 de junho,Não,1.0,49.9,40.5,-11.49,-40.5,0.0,38.41,Sim,MGS-120CAPS,MLB3157882184,Multivitamínico A Z 120 Caps - Growth Original,Sabor : Sem Sabor,49.9,Clássico,UZ0NCR,Paraná,Brasil,Correios,2023-06-15 11:31:00,2023-06-19 09:27:00,Não,0.0,Não
2000005846697594,2023-06-13 17:48:00,Entregue,Chegou em 19 de junho,Não,2.0,99.8,10.82,0.0,-10.82,0.0,99.8,Não,MGS-120CAPS,MLB3157882184,Multivitamínico A Z 120 Caps - Growth Original,Sabor : Sem Sabor,49.9,Clássico,41HJH2,Minas Gerais,Brasil,Correios,2023-06-14 11:35:00,2023-06-19 11:35:00,Não,0.0,Não
2000005813572458,2023-06-08 13:41:00,Entregue,Chegou em 15 de junho,Não,1.0,119.63,0.0,-14.36,-18.45,0.0,86.82,Sim,CREAMONO-GROWTH-250G,MLB3178606303,Creatina Growth Monohidratada Pote 250g,Sabor : Sem Sabor,119.63,Clássico,GW75L3,Paraná,Brasil,Correios,2023-06-09 11:36:00,2023-06-15 15:41:00,Não,0.0,Não
2000004522570587,2023-06-08 00:00:00,Entregue,Chegou em 15 de junho,Sim,1.0,119.63,0.0,-14.36,-18.45,0.0,86.82,Sim,CREAMONO-GROWTH-250G,MLB3178606303,Creatina Growth Monohidratada Pote 250g,Sabor : Sem Sabor,119.63,Clássico,KQ5URS,São Paulo,Brasil,Correios,2023-06-09 11:36:00,2023-06-15 16:35:00,Não,0.0,Não
2000005804815392,2023-06-07 09:35:00,Entregue,Chegou em 13 de junho,Não,1.0,239.9,0.0,-28.79,-21.45,0.0,189.66,Sim,KIT-WCHOC-CREA-250G,MLB3179617242,Kit Whey Protein Concentrado Growth 1kg Creatina Growth 250g,Sabor : Chocolate,239.9,Clássico,SY3BGI,São Paulo,Brasil,Correios,2023-06-07 12:52:00,2023-06-13 15:29:00,Não,0.0,Não
2000004519739699,2023-06-07 07:41:00,Entregue,Chegou em 17 de junho,Sim,1.0,119.63,0.0,-14.36,-18.45,0.0,86.82,Não,CREAMONO-GROWTH-250G,MLB3178606303,Creatina Growth Monohidratada Pote 250g,Sabor : Sem Sabor,119.63,Clássico,IO9ACS,Minas Gerais,Brasil,Correios,2023-06-07 12:52:00,2023-06-17 10:15:00,Não,0.0,Não
2000005799978026,2023-06-06 17:40:00,Entregue,Chegou em 14 de junho,Não,1.0,49.9,16.02,-11.49,-16.02,0.0,38.41,Não,MGS-120CAPS,MLB3157882184,Multivitamínico A Z 120 Caps - Growth Original,Sabor : Sem Sabor,49.9,Clássico,EEZET9,São Paulo,Brasil,Correios,2023-06-07 12:52:00,2023-06-14 13:34:00,Não,0.0,Não
2000004515625899,2023-06-06 08:50:00,Entregue,Chegou em 14 de junho,Sim,1.0,119.63,0.0,-14.36,-18.45,0.0,86.82,Sim,CREAMONO-GROWTH-250G,MLB3178606303,Creatina Growth Monohidratada Pote 250g,Sabor : Sem Sabor,119.63,Clássico,VF3MWO,Minas Gerais,Brasil,Correios,2023-06-06 12:44:00,2023-06-14 11:42:00,Não,0.0,Não
2000005789812236,2023-06-05 14:20:00,Entregue,Chegou em 14 de junho,Não,1.0,119.63,0.0,-14.36,-18.45,0.0,86.82,Não,CREAMONO-GROWTH-250G,MLB3178606303,Creatina Growth Monohidratada Pote 250g,Sabor : Sem Sabor,119.63,Clássico,Z0KQHB,Minas Gerais,Brasil,Correios,2023-06-06 12:44:00,2023-06-14 11:38:00,Não,0.0,Não
2000004509456031,2023-06-04 14:22:00,Entregue,Chegou em 12 de junho,Sim,1.0,49.9,22.0,-11.49,-22.0,0.0,38.41,Sim,MGS-120CAPS,MLB3157882184,Multivitamínico A Z 120 Caps - Growth Original,Sabor : Sem Sabor,49.9,Clássico,AWUVSG,Santa Catarina,Brasil,Correios,2023-06-05 11:39:00,2023-06-12 14:59:00,Não,0.0,Não
2000005776284574,2023-06-03 10:29:00,Cancelada pelo comprador,Cancelou porque se arrependeu da compra.,Não,1.0,239.9,0.0,-28.79,-21.45,-189.66,0.0,Sim,KIT-WCHOC-CREA-250G,MLB3179617242,Kit Whey Protein Concentrado Growth 1kg Creatina Growth 250g,Sabor : Chocolate,239.9,Clássico,QR5CI3,Paraná,Brasil,Correios,2023-06-03 10:29:00,2023-06-03 10:29:00,Não,0.0,Não
2000004505924241,2023-06-03 00:30:00,Mediação finalizada. Te demos o dinheiro,Você pode vê-lo na sua conta Mercado Pago.,Sim,1.0,49.9,9.79,-11.49,-9.79,0.0,38.41,Sim,MGS-120CAPS,MLB3157882184,Multivitamínico A Z 120 Caps - Growth Original,Sabor : Sem Sabor,49.9,Clássico,5VKEDR,São Paulo,Brasil,Correios,2023-06-05 11:39:00,2023-06-19 13:19:00,Não,1.0,Não
2000004503567831,2023-06-02 11:10:00,Entregue,Chegou em 20 de junho,Sim,1.0,119.63,0.0,-14.36,-18.45,0.0,86.82,Sim,CREAMONO-GROWTH-250G,MLB3178606303,Creatina Growth Monohidratada Pote 250g,Sabor : Sem Sabor,119.63,Clássico,GDK7WE,São Paulo,Brasil,Correios,2023-06-02 12:41:00,2023-06-20 11:15:00,Não,0.0,Não
2000005761367546,2023-06-01 08:15:00,Entregue,Chegou em 7 de junho,Não,3.0,149.7,0.0,-34.47,0.0,0.0,115.23,Sim,MGS-120CAPS,MLB3157882184,Multivitamínico A Z 120 Caps - Growth Original,Sabor : Sem Sabor,49.9,Clássico,9CFTR5,Rio Grande do Sul,Brasil,Correios,2023-06-01 12:44:00,2023-06-07 15:49:00,Não,0.0,Não
2000005755934056,2023-05-31 14:34:00,Entregue,Chegou em 7 de junho,Não,2.0,99.8,10.82,-22.98,-10.82,0.0,76.82,Não,MGS-120CAPS,MLB3157882184,Multivitamínico A Z 120 Caps - Growth Original,Sabor : Sem Sabor,49.9,Clássico,ANNUYA,Minas Gerais,Brasil,Correios,2023-06-01 12:44:00,2023-06-07 11:17:00,Não,0.0,Não
2000004479850781,2023-05-25 18:42:00,Entregue,Chegou em 1 de junho,Sim,1.0,116.72,0.0,-14.01,-18.45,0.0,84.26,Não,CREAMONO-GROWTH-250G,MLB3178606303,Creatina Growth Monohidratada Pote 250g,Sabor : Sem Sabor,116.72,Clássico,H1HG33,Santa Catarina,Brasil,Correios,2023-05-26 11:32:00,2023-06-01 16:43:00,Não,0.0,Não
2000005602657044,2023-05-07 17:34:00,Entregue,Chegou em 11 de maio,Não,2.0,99.8,0.0,-22.98,0.0,0.0,76.82,Não,MGS-120CAPS,MLB3157882184,Multivitamínico A Z 120 Caps - Growth Original,Sabor : Sem Sabor,49.9,Clássico,GTH51W,São Paulo,Brasil,Correios,2023-05-08 11:48:00,2023-05-11 14:47:00,Não,0.0,Não
2000005591541994,2023-05-05 16:01:00,Entregue,Chegou em 9 de maio,Não,2.0,99.8,0.0,-22.98,0.0,0.0,76.82,Não,MGS-120CAPS,MLB3157882184,Multivitamínico A Z 120 Caps - Growth Original,Sabor : Sem Sabor,49.9,Clássico,N08MYR,São Paulo,Brasil,Correios,2023-05-08 11:48:00,2023-05-09 17:44:00,Não,0.0,Não
2000005571401546,2023-05-02 17:23:00,Entregue,Chegou em 8 de maio,Não,2.0,99.8,0.0,-22.98,0.0,0.0,76.82,Não,MGS-120CAPS,MLB3157882184,Multivitamínico A Z 120 Caps - Growth Original,Sabor : Sem Sabor,49.9,Clássico,68LJJ2,São Paulo,Brasil,Correios,2023-05-03 11:36:00,2023-05-08 16:04:00,Não,0.0,Não
2000005564024958,2023-05-01 15:01:00,Entregue,Chegou em 8 de maio,Não,1.0,116.72,0.0,-14.01,-18.45,0.0,84.26,Não,CREAMONO-GROWTH-250G,MLB3178606303,Creatina Growth Monohidratada Pote 250g,Sabor : Sem Sabor,116.72,Clássico,PUO6GF,São Paulo,Brasil,Correios,2023-05-02 11:43:00,2023-05-08 15:36:00,Não,0.0,Não
2000005475883734,2023-04-16 13:34:00,Entregue,Chegou em 26 de abril,Não,1.0,141.9,9.2,-17.03,-30.65,0.0,103.42,Não,WHEY-GROWTH-80-1KG-SORVETECREME,MLB2787409678,Suplemento Em Pó Whey Protein Concentrado 80% Growth 1kg,Sabor : Sorvete de creme,141.9,Clássico,5RZ63M,Espírito Santo,Brasil,Correios,2023-04-17 13:22:00,2023-04-26 15:44:00,Não,0.0,Não
2000005417369780,2023-04-06 00:14:00,Entregue,Chegou em 18 de abril,Não,1.0,141.9,9.2,-17.03,-30.65,0.0,103.42,Não,WHEY-GROWTH-80-1KG-SORVETECREME,MLB2787409678,Suplemento Em Pó Whey Protein Concentrado 80% Growth 1kg,Sabor : Sorvete de creme,141.9,Clássico,JC1I4P,Goiás,Brasil,Correios,2023-04-06 13:31:00,2023-04-18 15:08:00,Não,0.0,Não
2000005362572604,2023-04-05 02:47:00,Entregue,Chegou em 12 de abril,Não,1.0,49.9,22.0,-11.49,-22.0,0.0,38.41,Não,MGS-120CAPS,MLB3157882184,Multivitamínico A Z 120 Caps - Growth Original,Sabor : Sem Sabor,49.9,Clássico,P5QMQH,Santa Catarina,Brasil,Correios,2023-04-05 15:10:00,2023-04-12 09:27:00,Não,0.0,Não
2000004338668469,2023-04-03 23:54:00,Entregue,Chegou em 10 de abril,Sim,1.0,229.9,0.0,-27.59,-21.45,0.0,180.86,Não,KIT-WBAUN-CREA-250G,MLB3179617242,Kit Whey Protein Concentrado Growth 1kg Creatina Growth 250g,Sabor : Baunilha,229.9,Clássico,XIVKEZ,Minas Gerais,Brasil,Correios,2023-04-04 15:31:00,2023-04-10 18:14:00,Não,0.0,Não
2000005377650162,2023-03-30 10:46:00,Entregue,Chegou em 5 de abril,Não,2.0,119.92,9.21,-25.4,-9.21,0.0,94.52,Não,CREAPURE-GROWTH-100G,MLB3204528688,Creatina Growth Creapure Monohidratada Pote 100g,Sabor : Sem Sabor,59.96,Clássico,MMK57X,Paraná,Brasil,Correios,2023-03-31 11:28:00,2023-04-05 10:21:00,Não,0.0,Não
2000004323893831,2023-03-29 10:45:00,Entregue,Chegou em 4 de abril,Sim,3.0,179.88,0.0,-38.1,0.0,0.0,141.78,Não,CREAPURE-GROWTH-100G,MLB3204528688,Creatina Growth Creapure Monohidratada Pote 100g,Sabor : Sem Sabor,59.96,Clássico,C34U9B,Paraná,Brasil,Correios,2023-03-30 11:36:00,2023-04-04 15:20:00,Não,0.0,Não
2000004322941377,2023-03-28 22:32:00,Entregue,Chegou em 13 de abril,Sim,1.0,141.9,9.2,-17.03,-30.65,0.0,103.42,Não,WHEY-GROWTH-80-1KG-SORVETECREME,MLB2787409678,Suplemento Em Pó Whey Protein Concentrado 80% Growth 1kg,Sabor : Sorvete de creme,141.9,Clássico,DFWWNY,Rio de Janeiro,Brasil,Correios,2023-03-29 11:37:00,2023-04-13 16:13:00,Não,0.0,Não
2000005324140878,2023-03-21 08:37:00,Entregue,Chegou em 31 de março,Não,1.0,116.72,0.0,-14.01,-18.45,0.0,84.26,Sim,CREAMONO-GROWTH-250G,MLB3178606303,Creatina Growth Monohidratada Pote 250g,Sabor : Sem Sabor,116.72,Clássico,KTPZM2,Goiás,Brasil,Correios,2023-03-22 11:40:00,2023-03-31 14:40:00,Não,0.0,Não
2000005324074338,2023-03-21 08:15:00,Entregue,Chegou em 3 de abril,Não,1.0,229.9,15.26,-27.59,-36.71,0.0,180.86,Não,KIT-WBAUN-CREA-250G,MLB3179617242,Kit Whey Protein Concentrado Growth 1kg Creatina Growth 250g,Sabor : Baunilha,229.9,Clássico,93ML38,Mato Grosso,Brasil,Correios,2023-03-22 11:40:00,2023-04-03 08:32:00,Não,0.0,Não
2000005319667798,2023-03-20 14:54:00,Entregue,Chegou em 24 de março,Não,1.0,229.9,0.0,-27.59,-21.45,0.0,180.86,Não,KIT-WCHOC-CREA-250G,MLB3179617242,Kit Whey Protein Concentrado Growth 1kg Creatina Growth 250g,Sabor : Chocolate,229.9,Clássico,3EVCQS,São Paulo,Brasil,Correios,2023-03-21 11:38:00,2023-03-24 16:54:00,Não,0.0,Não
2000005319564500,2023-03-20 14:37:00,Entregue,Chegou em 27 de março,Não,1.0,141.9,9.2,-17.03,-30.65,0.0,103.42,Não,WHEY-GROWTH-80-1KG-CHOCOLATE,MLB2787409678,Suplemento Em Pó Whey Protein Concentrado 80% Growth 1kg,Sabor : Chocolate,141.9,Clássico,VI1OXT,Minas Gerais,Brasil,Correios,2023-03-21 11:38:00,2023-03-27 14:42:00,Não,0.0,Não
2000005319353458,2023-03-20 14:09:00,Entregue,Chegou em 24 de março,Não,1.0,116.72,0.0,-14.01,-18.45,0.0,84.26,Sim,CREAMONO-GROWTH-250G,MLB3178606303,Creatina Growth Monohidratada Pote 250g,Sabor : Sem Sabor,116.72,Clássico,7OS36K,Minas Gerais,Brasil,Correios,2023-03-21 11:38:00,2023-03-24 18:03:00,Não,0.0,Não
2000004298241237,2023-03-19 13:41:00,Entregue,Chegou em 23 de março,Sim,1.0,116.72,0.0,-14.01,-18.45,0.0,84.26,Sim,CREAMONO-GROWTH-250G,MLB3178606303,Creatina Growth Monohidratada Pote 250g,Sabor : Sem Sabor,116.72,Clássico,Y8E25R,São Paulo,Brasil,Correios,2023-03-20 11:36:00,2023-03-23 14:29:00,Não,0.0,Não
2000005310813014,2023-03-18 19:21:00,Entregue,Chegou em 23 de março,Não,1.0,141.9,0.0,-17.03,-21.45,0.0,103.42,Não,WHEY-GROWTH-80-1KG-CHOCOLATE,MLB2787409678,Suplemento Em Pó Whey Protein Concentrado 80% Growth 1kg,Sabor : Chocolate,141.9,Clássico,8YQK64,São Paulo,Brasil,Correios,2023-03-20 11:36:00,2023-03-23 11:35:00,Não,0.0,Não
2000005310488222,2023-03-18 18:11:00,Entregue,Chegou em 24 de março,Não,1.0,116.72,0.0,-14.01,-18.45,0.0,84.26,Não,CREAMONO-GROWTH-250G,MLB3178606303,Creatina Growth Monohidratada Pote 250g,Sabor : Sem Sabor,116.72,Clássico,I406SS,Minas Gerais,Brasil,Correios,2023-03-20 11:36:00,2023-03-24 10:30:00,Não,0.0,Não
2000005308127472,2023-03-18 09:28:00,Entregue,Chegou em 27 de março,Não,1.0,116.72,0.0,-14.01,-18.45,0.0,84.26,Sim,CREAMONO-GROWTH-250G,MLB3178606303,Creatina Growth Monohidratada Pote 250g,Sabor : Sem Sabor,116.72,Clássico,NTXC36,Paraná,Brasil,Correios,2023-03-20 11:36:00,2023-03-27 17:49:00,Não,0.0,Não
2000005306144020,2023-03-17 19:30:00,Entregue,Chegou em 23 de março,Não,1.0,229.9,0.0,-27.59,-21.45,0.0,180.86,Sim,KIT-WCHOC-CREA-250G,MLB3179617242,Kit Whey Protein Concentrado Growth 1kg Creatina Growth 250g,Sabor : Chocolate,229.9,Clássico,TQRTXW,Paraná,Brasil,Correios,2023-03-20 11:36:00,2023-03-23 16:14:00,Não,0.0,Não
2000005304916472,2023-03-17 15:39:00,Entregue,Chegou em 22 de março,Não,2.0,233.44,26.0,-28.02,-62.9,0.0,168.52,Sim,CREAMONO-GROWTH-250G,MLB3178606303,Creatina Growth Monohidratada Pote 250g,Sabor : Sem Sabor,116.72,Clássico,9SU9OW,Santa Catarina,Brasil,Correios,2023-03-20 11:36:00,2023-03-22 10:07:00,Não,0.0,Não
2000005284362678,2023-03-14 15:29:00,Entregue,Chegou em 21 de março,Não,1.0,139.9,9.36,-16.79,-30.81,0.0,101.66,Não,WHEY-GROWTH-80-1KG-BAUNILHA,MLB2787409678,Suplemento Em Pó Whey Protein Concentrado 80% Growth 1kg,Sabor : Baunilha,139.9,Clássico,M3AZD2,Santa Catarina,Brasil,Correios,2023-03-15 11:50:00,2023-03-21 14:05:00,Não,0.0,Não
2000005284181342,2023-03-14 15:04:00,Entregue,Chegou em 20 de março,Não,1.0,139.9,9.36,-16.79,-30.81,0.0,101.66,Não,WHEY-GROWTH-80-1KG-CHOCOLATE,MLB2787409678,Suplemento Em Pó Whey Protein Concentrado 80% Growth 1kg,Sabor : Chocolate,139.9,Clássico,W4MIDG,Minas Gerais,Brasil,Correios,2023-03-15 11:50:00,2023-03-20 17:52:00,Não,0.0,Não
2000005243287174,2023-03-07 22:20:00,Entregue,Chegou em 13 de março,Não,1.0,116.72,0.0,-14.01,-18.45,0.0,84.26,Sim,CREAMONO-GROWTH-250G,MLB3178606303,Creatina Growth Monohidratada Pote 250g,Sabor : Sem Sabor,116.72,Clássico,LBW9TL,São Paulo,Brasil,Correios,2023-03-08 11:30:00,2023-03-13 15:37:00,Não,0.0,Não
2000005242857378,2023-03-07 21:20:00,Entregue,Chegou em 9 de março,Não,1.0,229.9,5.0,-27.59,-26.45,0.0,180.86,Sim,KIT-WCHOC-CREA-250G,MLB3179617242,Kit Whey Protein Concentrado Growth 1kg Creatina Growth 250g,Sabor : Chocolate,229.9,Clássico,Q83B5G,São Paulo,Brasil,Correios,2023-03-08 11:30:00,2023-03-09 15:11:00,Não,0.0,Não
2000005242028682,2023-03-07 19:20:00,Entregue,Chegou em 9 de março,Não,1.0,116.72,3.0,-14.01,-21.45,0.0,84.26,Não,CREAMONO-GROWTH-250G,MLB3178606303,Creatina Growth Monohidratada Pote 250g,Sabor : Sem Sabor,116.72,Clássico,G8GXMF,São Paulo,Brasil,Correios,2023-03-08 11:30:00,2023-03-09 12:32:00,Não,0.0,Não
2000005241635308,2023-03-07 18:23:00,Cancelada pelo comprador,Cancelou porque se arrependeu da compra.,Não,1.0,229.9,72.76,-27.59,-94.21,-180.86,0.0,Não,KIT-WCHOC-CREA-250G,MLB3179617242,Kit Whey Protein Concentrado Growth 1kg Creatina Growth 250g,Sabor : Chocolate,229.9,Clássico,GFOKJB,Paraíba,Brasil,Correios,2023-03-07 18:23:00,2023-03-07 18:23:00,Não,0.0,Não
2000005240575476,2023-03-07 15:54:00,Entregue,Chegou em 14 de março,Não,1.0,229.9,0.0,-27.59,-21.45,0.0,180.86,Sim,KIT-WCHOC-CREA-250G,MLB3179617242,Kit Whey Protein Concentrado Growth 1kg Creatina Growth 250g,Sabor : Chocolate,229.9,Clássico,EETT8T,Rio de Janeiro,Brasil,Correios,2023-03-08 11:30:00,2023-03-14 10:33:00,Não,0.0,Não
2000005240379788,2023-03-07 15:28:00,Entregue,Chegou em 10 de março,Não,1.0,229.9,0.0,-27.59,-21.45,0.0,180.86,Sim,KIT-WSC-CREA-250G,MLB3179617242,Kit Whey Protein Concentrado Growth 1kg Creatina Growth 250g,Sabor : Sorvete de creme,229.9,Clássico,XGE5RQ,São Paulo,Brasil,Correios,2023-03-08 11:30:00,2023-03-10 14:11:00,Não,0.0,Não
2000004264989267,2023-03-07 07:33:00,Entregue,Chegou em 10 de março,Sim,1.0,48.9,17.8,-11.37,-17.8,0.0,37.53,Sim,MGS-120CAPS,MLB3157882184,Multivitamínico A Z 120 Caps - Growth Original,Sabor : Sem Sabor,48.9,Clássico,U9GBGZ,São Paulo,Brasil,Correios,2023-03-07 11:31:00,2023-03-10 10:59:00,Não,0.0,Não
2000005235294206,2023-03-06 21:02:00,Entregue,Chegou em 10 de março,Não,2.0,97.8,0.0,-22.74,0.0,0.0,75.06,Sim,MGS-120CAPS,MLB3157882184,Multivitamínico A Z 120 Caps - Growth Original,Sabor : Sem Sabor,48.9,Clássico,6KU4RH,São Paulo,Brasil,Correios,2023-03-07 11:31:00,2023-03-10 16:37:00,Não,0.0,Não
2000005232279936,2023-03-06 14:21:00,Entregue,Chegou em 14 de março,Não,2.0,119.92,9.21,-25.4,-9.21,0.0,94.52,Não,CREAPURE-GROWTH-100G,MLB3204528688,Creatina Growth Creapure Monohidratada Pote 100g,Sabor : Sem Sabor,59.96,Clássico,EBD2WS,Paraná,Brasil,Correios,2023-03-07 11:31:00,2023-03-14 14:14:00,Não,0.0,Não
2000004244643827,2023-02-27 19:21:00,Entregue,Chegou em 6 de março,Sim,1.0,139.9,9.36,-16.79,-30.81,0.0,101.66,Não,WHEY-GROWTH-80-1KG-MORANGO,MLB2787409678,Suplemento Em Pó Whey Protein Concentrado 80% Growth 1kg,Sabor : Morango,139.9,Clássico,3OFMGR,Minas Gerais,Brasil,Correios,2023-02-28 13:09:00,2023-03-06 16:12:00,Não,0.0,Não
2000005182206262,2023-02-26 15:10:00,Entregue,Chegou em 6 de março,Não,1.0,116.72,0.0,-14.01,-18.45,0.0,84.26,Sim,CREAMONO-GROWTH-250G,MLB3178606303,Creatina Growth Monohidratada Pote 250g,Sabor : Sem Sabor,116.72,Clássico,KK8PCY,Rio Grande do Sul,Brasil,Correios,2023-02-27 13:01:00,2023-03-06 14:08:00,Não,0.0,Não
2000004240947247,2023-02-26 11:23:00,Entregue,Chegou em 10 de março,Sim,1.0,116.72,0.0,-14.01,-18.45,0.0,84.26,Sim,CREAMONO-GROWTH-250G,MLB3178606303,Creatina Growth Monohidratada Pote 250g,Sabor : Sem Sabor,116.72,Clássico,CAV59G,Paraná,Brasil,Correios,2023-02-27 13:01:00,2023-03-10 11:11:00,Não,0.0,Não
2000005179122418,2023-02-25 19:19:00,Entregue,Chegou em 1 de março,Não,1.0,48.9,17.8,-11.37,-17.8,0.0,37.53,Não,MGS-120CAPS,MLB3157882184,Multivitamínico A Z 120 Caps - Growth Original,Sabor : Sem Sabor,48.9,Clássico,5OBNKZ,São Paulo,Brasil,Correios,2023-02-27 13:01:00,2023-03-01 13:57:00,Não,0.0,Não
2000005176667592,2023-02-25 10:46:00,Entregue,Chegou em 6 de março,Não,1.0,229.9,0.0,-27.59,-21.45,0.0,180.86,Sim,KIT-WBAUN-CREA-250G,MLB3179617242,Kit Whey Protein Concentrado Growth 1kg Creatina Growth 250g,Sabor : Baunilha,229.9,Clássico,R1XAW9,Mato Grosso do Sul,Brasil,Correios,2023-02-27 13:01:00,2023-03-06 13:33:00,Não,0.0,Não
2000005172144208,2023-02-24 13:01:00,Entregue,Chegou em 2 de março,Não,1.0,229.9,0.0,-27.59,-21.45,0.0,180.86,Sim,KIT-WSC-CREA-250G,MLB3179617242,Kit Whey Protein Concentrado Growth 1kg Creatina Growth 250g,Sabor : Sorvete de creme,229.9,Clássico,DLEHZC,São Paulo,Brasil,Correios,2023-02-27 13:01:00,2023-03-02 17:18:00,Não,0.0,Não
2000005171269660,2023-02-24 10:29:00,Entregue,Chegou em 1 de março,Não,1.0,229.9,0.0,-27.59,-21.45,0.0,180.86,Sim,KIT-WSC-CREA-250G,MLB3179617242,Kit Whey Protein Concentrado Growth 1kg Creatina Growth 250g,Sabor : Sorvete de creme,229.9,Clássico,4O0STQ,Paraná,Brasil,Correios,2023-02-27 13:01:00,2023-03-01 18:15:00,Não,0.0,Não
2000005170724352,2023-02-24 08:12:00,Entregue,Chegou em 2 de março,Não,1.0,59.96,16.02,-12.7,-16.02,0.0,47.26,Não,CREAPURE-GROWTH-100G,MLB3204528688,Creatina Growth Creapure Monohidratada Pote 100g,Sabor : Sem Sabor,59.96,Clássico,1VQJGH,São Paulo,Brasil,Correios,2023-02-27 13:01:00,2023-03-02 18:47:00,Não,0.0,Não
2000005161073844,2023-02-22 16:38:00,Entregue,Chegou em 28 de fevereiro,Não,1.0,48.9,16.02,-11.37,-16.02,0.0,37.53,Não,MGS-120CAPS,MLB3157882184,Multivitamínico A Z 120 Caps - Growth Original,Sabor : Sem Sabor,48.9,Clássico,M3ZCUZ,São Paulo,Brasil,Correios,2023-02-23 12:04:00,2023-02-28 16:09:00,Não,0.0,Não
2000005160714212,2023-02-22 15:42:00,Entregue,Chegou em 24 de fevereiro,Não,1.0,139.9,0.0,-16.79,-21.45,0.0,101.66,Não,WHEY-GROWTH-80-1KG-BAUNILHA,MLB2787409678,Suplemento Em Pó Whey Protein Concentrado 80% Growth 1kg,Sabor : Baunilha,139.9,Clássico,1710NS,São Paulo,Brasil,Correios,2023-02-23 12:04:00,2023-02-24 14:41:00,Não,0.0,Não
2000004230292675,2023-02-21 21:54:00,Entregue,Chegou em 23 de fevereiro,Sim,1.0,59.96,9.79,-12.7,-9.79,0.0,47.26,Não,CREAPURE-GROWTH-100G,MLB3204528688,Creatina Growth Creapure Monohidratada Pote 100g,Sabor : Sem Sabor,59.96,Clássico,OF998D,São Paulo,Brasil,Correios,2023-02-22 12:40:00,2023-02-23 12:24:00,Não,0.0,Não
2000005154361106,2023-02-21 14:07:00,Entregue,Chegou em 28 de fevereiro,Não,2.0,79.8,0.0,-20.58,0.0,0.0,59.22,Não,MGS-120CAPS,MLB3157882184,Multivitamínico A Z 120 Caps - Growth Original,Sabor : Sem Sabor,39.9,Clássico,VLYVWT,São Paulo,Brasil,Correios,2023-02-22 12:40:00,2023-02-28 15:49:00,Não,0.0,Não
2000005150805608,2023-02-20 19:05:00,Entregue,Chegou em 23 de fevereiro,Não,2.0,79.8,3.0,-20.58,-3.0,0.0,59.22,Sim,MGS-120CAPS,MLB3157882184,Multivitamínico A Z 120 Caps - Growth Original,Sabor : Sem Sabor,39.9,Clássico,4LPH7L,São Paulo,Brasil,Correios,2023-02-22 12:40:00,2023-02-23 13:03:00,Não,0.0,Não
2000005149542266,2023-02-20 15:12:00,Entregue,Chegou em 28 de fevereiro,Não,1.0,189.9,0.0,-22.79,-21.45,0.0,145.66,Não,KIT-WCHOC-CREAPURE-100G,MLB3204576713,Kit Whey Protein Concentrado Growth 1kg Creatina Growth 100g,Sabor : Chocolate,189.9,Clássico,9GUB4G,Minas Gerais,Brasil,Correios,2023-02-22 12:40:00,2023-02-28 09:11:00,Não,0.0,Não
2000004226707525,2023-02-20 13:37:00,Entregue,Chegou em 1 de março,Sim,1.0,139.9,9.36,-16.79,-30.81,0.0,101.66,Não,WHEY-GROWTH-80-1KG-CHOCOLATE,MLB2787409678,Suplemento Em Pó Whey Protein Concentrado 80% Growth 1kg,Sabor : Chocolate,139.9,Clássico,T6QDA0,Santa Catarina,Brasil,Correios,2023-02-22 12:40:00,2023-03-01 14:55:00,Não,0.0,Não
2000004224270053,2023-02-19 08:33:00,Entregue,Chegou em 28 de fevereiro,Sim,1.0,39.9,17.8,-10.29,-17.8,0.0,29.61,Não,MGS-120CAPS,MLB3157882184,Multivitamínico A Z 120 Caps - Growth Original,Sabor : Sem Sabor,39.9,Clássico,WK1QMA,São Paulo,Brasil,Correios,2023-02-22 12:40:00,2023-02-28 17:56:00,Não,0.0,Não
2000004209270627,2023-02-13 11:22:00,Entregue,Chegou em 17 de fevereiro,Sim,1.0,55.9,27.5,-12.21,-27.5,0.0,43.69,Não,OPUGS-75CAPS,MLB3160989922,Omega 3 Óleo De Peixe Ultra Growth Supplements Pote 75 Caps,Sabor : Sem Sabor,55.9,Clássico,UEES69,Minas Gerais,Brasil,Correios,2023-02-14 12:44:00,2023-02-17 13:19:00,Não,0.0,Não
2000004206830971,2023-02-12 11:58:00,Entregue,Chegou em 22 de fevereiro,Sim,1.0,139.9,0.0,-16.79,-21.45,0.0,101.66,Não,WHEY-GROWTH-80-1KG-CHOCOLATE,MLB2787409678,Suplemento Em Pó Whey Protein Concentrado 80% Growth 1kg,Sabor : Chocolate,139.9,Clássico,6T8KH1,São Paulo,Brasil,Correios,2023-02-13 11:33:00,2023-02-22 13:42:00,Não,0.0,Não
2000004197965393,2023-02-09 03:01:00,Entregue,Chegou em 13 de fevereiro,Sim,1.0,133.9,0.0,-16.07,-25.74,0.0,92.09,Não,WHEY-GROWTH-80-1KG-CHOCOLATE,MLB2787409678,Suplemento Em Pó Whey Protein Concentrado 80% Growth 1kg,Sabor : Chocolate,133.9,Clássico,3KU5PO,São Paulo,Brasil,Correios,2023-02-09 11:34:00,2023-02-13 14:12:00,Não,0.0,Não
2000005081714054,2023-02-08 17:07:00,Entregue,Chegou em 10 de fevereiro,Não,1.0,115.9,3.0,-13.91,-25.14,0.0,79.85,Não,CREAMONO-GROWTH-250G,MLB3178606303,Creatina Growth Monohidratada Pote 250g,Sabor : Sem Sabor,115.9,Clássico,692DSR,São Paulo,Brasil,Correios,2023-02-09 11:34:00,2023-02-10 16:35:00,Não,0.0,Não
2000005070899828,2023-02-07 08:11:00,Entregue,Chegou em 14 de fevereiro,Não,1.0,115.9,0.0,-13.91,-22.14,0.0,79.85,Não,CREAMONO-GROWTH-250G,MLB3178606303,Creatina Growth Monohidratada Pote 250g,Sabor : Sem Sabor,115.9,Clássico,S7SWWD,Minas Gerais,Brasil,Correios,2023-02-08 11:36:00,2023-02-14 08:31:00,Não,0.0,Não
2000005066734540,2023-02-06 16:12:00,Entregue,Chegou em 13 de fevereiro,Sim,1.0,133.9,0.0,16.07,25.74,0.0,92.09,Não,WHEY-GROWTH-80-1KG-CHOCOLATE,MLB2787409678,Suplemento Em Pó Whey Protein Concentrado 80% Growth 1kg,Sabor : Chocolate,133.9,Clássico,NXRULA,Minas Gerais,Brasil,Correios,2023-02-07 11:14:00,2023-02-13 15:10:00,Não,0.0,Não
2000005066738224,2023-02-06 16:12:00,Entregue,Chegou em 13 de fevereiro,Sim,1.0,133.9,0.0,16.07,25.74,0.0,92.09,Não,WHEY-GROWTH-80-1KG-SORVETECREME,MLB2787409678,Suplemento Em Pó Whey Protein Concentrado 80% Growth 1kg,Sabor : Sorvete de creme,133.9,Clássico,LQB6RJ,Minas Gerais,Brasil,Correios,2023-02-07 11:14:00,2023-02-13 15:10:00,Não,0.0,Não
2000005061141030,2023-02-05 18:13:00,Entregue,Chegou em 10 de fevereiro,Não,1.0,229.9,0.0,-27.59,-25.74,0.0,176.57,Não,KIT-WBAUN-CREA-250G,MLB3179617242,Kit Whey Protein Concentrado Growth 1kg Creatina Growth 250g,Sabor : Baunilha,229.9,Clássico,I0FUK7,Rio Grande do Sul,Brasil,Correios,2023-02-06 11:44:00,2023-02-10 08:15:00,Não,0.0,Não
2000004988081822,2023-01-24 10:30:00,Entregue,Chegou em 26 de janeiro,Não,1.0,139.9,0.0,-16.79,-25.74,0.0,97.37,Não,WHEY-GROWTH-80-1KG-CHOCOLATE,MLB2787409678,Suplemento Em Pó Whey Protein Concentrado 80% Growth 1kg,Sabor : Chocolate,139.9,Clássico,OM3D65,São Paulo,Brasil,Correios,2023-01-24 15:03:00,2023-01-26 16:52:00,Não,0.0,Não
